{"cameraMode":{"drawMode":0,"name":"Shaded","section":"Shading Mode"},"sceneLighting":true,"audioPlay":false,"sceneViewState":{"showFog":true,"showMaterialUpdate":false,"showSkybox":true,"showFlares":true,"showImageEffects":true,"showParticleSystems":true},"in2DMode":false,"pivot":{"x":-4.109041690826416,"y":-12.097912788391114,"z":23.58506965637207},"rotation":{"x":-0.16815902292728425,"y":0.07886531203985214,"z":-0.013499186374247074,"w":-0.982513427734375},"size":29.98097038269043,"orthographic":false}